flight,CV,logit,MA05,logit_MA05,MA10,logit_MA10,MA20,logit_MA20,MA30,logit_MA30,MA40,logit_MA40,MA50,logit_MA50
1244,0.9763640786650638,3.721067902983921,0.9763640786650638,3.721067902983921,0.9763640786650638,3.721067902983921,0.9763640786650638,3.721067902983921,0.9763640786650638,3.721067902983921,0.9763640786650638,3.721067902983921,0.9763640786650638,3.721067902983921
1245,0.98729484339741,4.3529607789139355,0.9818294610312369,4.037014340948929,0.9818294610312369,4.037014340948929,0.9818294610312369,4.037014340948929,0.9818294610312369,4.037014340948929,0.9818294610312369,4.037014340948929,0.9818294610312369,4.037014340948929
1246,0.9720183751317862,3.547826668699146,0.9785590990647534,3.873951783532334,0.9785590990647534,3.873951783532334,0.9785590990647534,3.873951783532334,0.9785590990647534,3.873951783532334,0.9785590990647534,3.873951783532334,0.9785590990647534,3.873951783532334
1248,0.996149973645133,5.55581782850185,0.9829568177098482,4.294418294774713,0.9829568177098482,4.294418294774713,0.9829568177098482,4.294418294774713,0.9829568177098482,4.294418294774713,0.9829568177098482,4.294418294774713,0.9829568177098482,4.294418294774713
1249,0.9721310618485791,3.551977891952114,0.9807916665375945,4.1459302142101935,0.9807916665375945,4.1459302142101935,0.9807916665375945,4.1459302142101935,0.9807916665375945,4.1459302142101935,0.9807916665375945,4.1459302142101935,0.9807916665375945,4.1459302142101935
1250,0.9778337369947412,3.786768203970982,0.9810855982035299,4.159070274407606,0.9802986782804523,4.086069879170324,0.9802986782804523,4.086069879170324,0.9802986782804523,4.086069879170324,0.9802986782804523,4.086069879170324,0.9802986782804523,4.086069879170324
1251,0.9684160425439257,3.423012474715805,0.977309838032833,3.973080613567979,0.9786011588895198,3.991347392819679,0.9786011588895198,3.991347392819679,0.9786011588895198,3.991347392819679,0.9786011588895198,3.991347392819679,0.9786011588895198,3.991347392819679
1252,0.9684481275088919,3.424061984611606,0.9765957885082542,3.948327676750471,0.9773320299669414,3.92043671679367,0.9773320299669414,3.92043671679367,0.9773320299669414,3.92043671679367,0.9773320299669414,3.92043671679367,0.9773320299669414,3.92043671679367
1253,0.9783350198682773,3.81015502935491,0.973032797752883,3.5991951169210834,0.9774434732893121,3.9081831959671414,0.9774434732893121,3.9081831959671414,0.9774434732893121,3.9081831959671414,0.9774434732893121,3.9081831959671414,0.9774434732893121,3.9081831959671414
1254,0.9970577976342566,5.825650334923871,0.9780181449100185,4.053929605515435,0.9794049057238065,4.099929909862814,0.9794049057238065,4.099929909862814,0.9794049057238065,4.099929909862814,0.9794049057238065,4.099929909862814,0.9794049057238065,4.099929909862814
1255,0.9625643510809276,3.2469774921053585,0.9749642677272558,3.9459714631423095,0.9780249329653928,4.052520868774958,0.9778739462108175,4.022388780975773,0.9778739462108175,4.022388780975773,0.9778739462108175,4.022388780975773,0.9778739462108175,4.022388780975773
1283,0.7896912868425128,1.3230655790515773,0.9392193165869733,3.5259820840094647,0.9582645773099031,3.7495313487887216,0.9621920579301254,3.797445180815423,0.9621920579301254,3.797445180815423,0.9621920579301254,3.797445180815423,0.9621920579301254,3.797445180815423
1284,0.7163802919490017,0.9265768752999834,0.8888057494749952,3.02648506214714,0.9327007689916247,3.4874063694488058,0.9432834605469621,3.5766091573142353,0.9432834605469621,3.5766091573142353,0.9432834605469621,3.5766091573142353,0.9432834605469621,3.5766091573142353
1285,0.2980178360094038,-0.8567546591873622,0.7527423127032206,2.0931031244386857,0.8628875552280517,2.8461491206798843,0.8971930587942794,3.2599403132784066,0.8971930587942794,3.2599403132784066,0.8971930587942794,3.2599403132784066,0.8971930587942794,3.2599403132784066
1286,0.8678792767558638,1.88233654825569,0.726906608527542,1.3044403671050495,0.8524623767187801,2.679184986310242,0.895238806658385,3.1681000622768924,0.895238806658385,3.1681000622768924,0.895238806658385,3.1681000622768924,0.895238806658385,3.1681000622768924
1287,0.6626967158143245,0.6753349646059708,0.6669330814742213,0.7901118616051719,0.8209486746007386,2.368041662373741,0.8807049259806312,3.01230224367246,0.8807049259806312,3.01230224367246,0.8807049259806312,3.01230224367246,0.8807049259806312,3.01230224367246
1288,0.926376817565114,2.532321127414036,0.6942701876187416,1.0319629712776637,0.8167447521028575,2.278972527643564,0.8833915078385419,2.984068060363141,0.8833915078385419,2.984068060363141,0.8833915078385419,2.984068060363141,0.8833915078385419,2.984068060363141
1289,0.7165532778413491,0.9274284263571032,0.6943047847972111,1.0321332814890876,0.7915552671361031,2.029309171818114,0.8741227172831424,2.869810302918361,0.8741227172831424,2.869810302918361,0.8741227172831424,2.869810302918361,0.8741227172831424,2.869810302918361
1290,0.9723023659338883,3.55831983538032,0.829161690782108,1.915148180402624,0.7909520017426643,2.004125652420655,0.879290067212129,2.9060476467321483,0.879290067212129,2.9060476467321483,0.879290067212129,2.9060476467321483,0.879290067212129,2.9060476467321483
1291,0.8783458839606637,1.9768585575921593,0.8312550122230679,1.9340525822699177,0.7790808103753049,1.6192464746874837,0.8792428580495557,2.8595881922751487,0.8792428580495557,2.8595881922751487,0.8792428580495557,2.8595881922751487,0.8792428580495557,2.8595881922751487
1292,0.7588416384905207,1.1463392912932744,0.8504839967583072,2.0282534476073786,0.7587085391162642,1.4091826546062751,0.8683667360408286,2.7308517616906167,0.8735094666419827,2.7780049112760117,0.8735094666419827,2.7780049112760117,0.8735094666419827,2.7780049112760117
1293,0.9421096116141947,2.7895702612322055,0.8536305555681233,2.0797032743710124,0.7739503715934324,1.555833122824338,0.8661074744516677,2.65268223580653,0.8766276550498104,2.7785306090012933,0.8766276550498104,2.7785306090012933,0.8766276550498104,2.7785306090012933
1294,0.8717442926013008,1.9164701532805153,0.8846687585201136,2.277511619755695,0.7894867716586623,1.6548224506223914,0.8610937703251436,2.5711144100355985,0.8764153349433536,2.7410497196221293,0.8764153349433536,2.7410497196221293,0.8764153349433536,2.7410497196221293
1295,0.957836241426157,3.1231157748978506,0.8817755336185673,2.1904708076592008,0.8554686122003377,2.052809494030913,0.8591780837141947,2.4494793073553986,0.8798078727134703,2.7569691385919506,0.8798078727134703,2.7569691385919506,0.8798078727134703,2.7569691385919506
1296,0.8635567305585886,1.845150674069285,0.8788177029381524,2.164129230954626,0.85503635758061,2.049090906612272,0.8537493671496952,2.364137946461257,0.879157827027275,2.720496400011044,0.879157827027275,2.720496400011044,0.879157827027275,2.720496400011044
1297,0.9701484552315316,3.481212516880393,0.9210790662863545,2.6311038760720495,0.8857815315223307,2.329678661839714,0.8533651030615348,2.3488601621067273,0.8826574665735927,2.749754712198327,0.8826574665735927,2.749754712198327,0.8826574665735927,2.749754712198327
1298,0.9838001520483208,4.106420922417816,0.9294171743731798,2.894474008309172,0.8915238649706515,2.487088641340092,0.8541343085367545,2.383030584491828,0.8864034919615456,2.800001608873123,0.8864034919615456,2.800001608873123,0.8864034919615456,2.800001608873123
1299,0.927873974344074,2.5544809747956063,0.9406431107217343,3.0220761726121905,0.912655934620924,2.649793896183943,0.8521056008785136,2.3395515340010284,0.8878845806180644,2.7912330147989257,0.8878845806180644,2.7912330147989257,0.8878845806180644,2.7912330147989257
1328,0.605664537761924,0.42912429070455493,0.8702087699888879,2.483277875773531,0.8759921518037276,2.336874341716366,0.8334720767731959,2.17049999706851,0.8781528550023353,2.7097809898301546,0.8781528550023353,2.7097809898301546,0.8781528550023353,2.7097809898301546
1329,0.5085068448016522,0.03403066302925744,0.7991987928375005,2.121053873565525,0.8390082478878265,2.1425915522600762,0.8090445291315657,1.88091901347378,0.8658313213289793,2.6205893122701247,0.8658313213289793,2.6205893122701247,0.8658313213289793,2.6205893122701247
1330,0.9072570353411397,2.280593954765467,0.786620508859422,1.8809301611425404,0.8538497875728883,2.2560170186072948,0.8062791633445763,1.832599836606785,0.8635277532181819,2.572573513996176,0.8671676346842103,2.6096217200925547,0.8671676346842103,2.6096217200925547
1331,0.604669027198165,0.4249579259737573,0.710794283889391,1.1446375618537286,0.8201057291312853,2.01955578508145,0.797028050362359,1.7876944539528943,0.8507735593448735,2.4416400855648366,0.8589645532002713,2.5413509765263425,0.8589645532002713,2.5413509765263425
1332,0.8930235846530893,2.1220045982656646,0.703824205951194,1.0581422865477401,0.8222336583364642,2.040109229579965,0.8058602149975632,1.847465840101178,0.8481403996622504,2.394112683217054,0.859996645062478,2.528643510518443,0.859996645062478,2.528643510518443
1333,0.6688582322061761,0.7030255424923398,0.7164629448400445,1.1129225369052973,0.7933358574144661,1.798100206339414,0.8244022348074018,1.9254548501851634,0.8372306749476185,2.2323529403500704,0.8543749270372926,2.4749488644000284,0.8543749270372926,2.4749488644000284
1334,0.8134552162788817,1.472619537023496,0.7774526191354904,1.4006403117041448,0.7883257059864954,1.760847092634835,0.8216810317835528,1.9049689996235535,0.8319414800952953,2.1630409951857827,0.8532057924441951,2.4463108836178415,0.8532057924441951,2.4463108836178415
1335,0.7627395187183742,1.1677579673349363,0.7485491158109373,1.1780731142180387,0.7675848123351796,1.5295016376802895,0.8266831719287552,1.9295901497600016,0.8247716728194163,2.0757406539645817,0.8506928403962557,2.4107955248322055,0.8506928403962557,2.4107955248322055
1336,0.5884943590364184,0.35774461301107324,0.7453141821785879,1.164630451625502,0.7280542330339894,1.1546340067396152,0.8097890490023205,1.820861324039854,0.8121076167024995,1.9735650585744238,0.843606394954098,2.3553076623505533,0.843606394954098,2.3553076623505533
1366,0.6269321947233205,0.5190782056912894,0.6920959041926342,0.844045173110627,0.697960055071914,0.9510937298291836,0.8053079948464191,1.8004438130065634,0.8007237522763138,1.8767322659437466,0.8379044423164459,2.30698583454373,0.8379044423164459,2.30698583454373
1368,0.4729294301747907,-0.10838826704987678,0.6529101437863571,0.6817624112021836,0.6846865443132008,0.8973424740537406,0.7803393480584642,1.617108407885053,0.7838768992865309,1.7461141560635869,0.8285461086717881,2.2450531652720995,0.8285461086717881,2.2450531652720995
1369,0.9374635658681153,2.7074285610099347,0.6777118137042037,0.9287242159994713,0.7275822164198471,1.1646822638518082,0.7832952321538367,1.653636908055942,0.7818904248943261,1.642173430266456,0.8312690451016962,2.256612550165545,0.8312690451016962,2.256612550165545
1370,0.8099404699743642,1.449623412095168,0.6871520039554018,0.9850973049515176,0.7178505598831696,1.081585209584778,0.785850173728029,1.6688011140960366,0.776802962190774,1.5822616275994497,0.8271084548844287,2.1998264378933268,0.8307488359522491,2.23692988826139
1371,0.9122821619805577,2.3418240534954937,0.7519095645442297,1.3819131930484017,0.7486118733614088,1.273271822336952,0.7843588012463472,1.6464138037092009,0.7808893246953754,1.6162202434142467,0.8252331378490074,2.1495480197578654,0.8326901056195898,2.2394273683860115
1372,0.9680429315338565,3.4108830454495327,0.8201317119063368,1.9602741610000503,0.7561138080494855,1.4021596670553387,0.7891737331929749,1.7211344483176518,0.789278079348204,1.6990304490858985,0.8251337517590592,2.1461244291766253,0.8358378457571309,2.2666705236665585
1373,0.6139914760903351,0.46412159357320965,0.8483441210894458,2.0747761331246677,0.7506271324379015,1.3782692721634255,0.7719814949261837,1.58818473925142,0.7998105340175684,1.7430596575112507,0.8155797893201893,2.0188320233034096,0.8307958828101583,2.225703502528073
1374,0.925909812807125,2.525493738540309,0.8460333704772477,2.0383891686307427,0.7618725920907258,1.4835566923151071,0.7750991490386105,1.6222018924749713,0.8017448852192771,1.764498230520738,0.814424258094153,1.993169919468114,0.8329095256989798,2.2323655077727897
1396,0.38145121372102386,-0.483393104710779,0.7603355192265797,1.6517858652695534,0.7237437615909907,1.3184415851105356,0.7456642869630852,1.4239716113954126,0.7923700351495004,1.725873961543513,0.79951469501231,1.8864158867510699,0.8230952145690241,2.1733272770666248
1397,0.4983938109931001,-0.006424778127553401,0.6775578490290881,1.1821360989449439,0.7147337067866589,1.2820246459966729,0.7213939699103242,1.218329326368144,0.7781039349304333,1.6412490980254604,0.7877641392235393,1.800679955429986,0.8161866740674087,2.126949573764621
1398,0.8116194695350634,1.4605675814202002,0.6462731566293295,0.7920730061390773,0.7332024342678332,1.3761735835695639,0.7155812446698737,1.1636336566993737,0.7812728079868905,1.6590204031942302,0.7838434227741936,1.751592595350201,0.816091523972985,2.113066615590779
1399,0.6439207556882685,0.5924223658971635,0.6522590125489162,0.8177331606038681,0.750301566819181,1.4462546468642679,0.7174940555661908,1.171798560459004,0.7703267543120363,1.5601571542114583,0.7754830661696934,1.6711492787637574,0.8125778348243172,2.082033059474583
1400,0.7377564844471103,1.0343402825093064,0.6146283468769133,0.5195024693976675,0.7303308586770805,1.2789458190142051,0.7289565375484639,1.2218140414330065,0.765640440994918,1.528739878375363,0.7690005333400147,1.5513665274533932,0.8110814078167731,2.0610792039352774
1401,0.32636240295577945,-0.724683847027231,0.6036105847238643,0.4712443209343771,0.681973051975222,1.061515093101965,0.6999118059291958,1.0715501513433716,0.7512244664770933,1.4663724404313463,0.753095484636886,1.4520749939750783,0.7980813743025874,1.9721641689350542
1402,0.777626207814079,1.251886241500887,0.6594570640880602,0.7229065248600652,0.668507456558574,0.9525213119025044,0.7085596649599915,1.1128965671197282,0.7457416863504228,1.4151163064403023,0.7527938576611752,1.4502955105363111,0.7938880015909209,1.9101426781867932
1403,0.11318712291485344,-2.0585915943521718,0.5197705947640181,0.019074689705590765,0.5830218756966739,0.405573847922334,0.6695678418730797,0.9038667574888363,0.7204564473608744,1.2826142481858793,0.7377140284353214,1.3756662987950072,0.7767113765465821,1.7980143129257669
1404,0.44300203675395755,-0.22898721559746749,0.479586850977156,-0.14520722659333538,0.565922931763036,0.3362629670052663,0.6582750321004688,0.8572661195843461,0.7032953072051347,1.1708774818360355,0.7413386334539354,1.3913604848847547,0.7656484178087587,1.6823182120437807
1405,0.4160321959335477,-0.3390831999477886,0.41524199327444344,-0.41989192308475437,0.5149351700756784,0.04980527315645657,0.638403881083202,0.7666809827357818,0.6883778227176333,1.0980696860354662,0.7300424564333774,1.3358249911796676,0.754526440490458,1.6044969902057826
1423,0.8810513098729033,2.0024236400055067,0.5261797746578682,0.12552957432179315,0.5648951796908662,0.29838694762808515,0.6443194706409285,0.8084142663693104,0.6854079178723455,1.04877672347297,0.7355013212848418,1.369002208064656,0.7525907919480213,1.568810098926473
1424,0.722402388526683,0.9564096840813398,0.515135010800389,0.06643426283788371,0.5872960374442245,0.3946703938489745,0.6510148721154417,0.8383475199228236,0.676694659088291,0.9437763488617541,0.7304019605588812,1.3296044219813385,0.7476705188676763,1.5194780431137838
1425,0.10430795477255883,-2.1502490270820336,0.5133591771719301,0.04810277629191138,0.5165648859679741,0.03358873299875111,0.6248836601179037,0.7048811582841574,0.6492424584359071,0.7869520154658328,0.7150958274821614,1.2526624856453603,0.7303877154129497,1.407991822879911
1426,0.9735170163779292,3.604412904975464,0.6194621730967244,0.8147828004064976,0.5495245120369401,0.3347877869065812,0.6499130394280606,0.8905212168854245,0.6615042077231073,0.8927949692748631,0.7151261937432624,1.2538148123852388,0.7302913553431428,1.4038769803923221
1427,0.9840030976984262,4.119233947770751,0.7330563534497001,1.7064462299502055,0.5741491733620718,0.6432771534327255,0.652240016019576,0.9611114862234654,0.6773540828196665,1.0289684120995797,0.7177676240867065,1.3073741971397035,0.7300302613444262,1.3697486526492597
1428,0.8050525228057297,1.4181773464501137,0.7178565960362654,1.5895969712391271,0.6220181853470668,0.85756327278046,0.6519956186611444,0.9595391829412125,0.6739472657351527,1.000221191822401,0.7189228961945866,1.3141701485186246,0.7268800247789222,1.3331726497361547
1429,0.9758339752966643,3.6983447558254112,0.7685429133902616,2.1379839855879412,0.6418389620953253,1.1022091242129124,0.6551732093269497,1.0273652180577086,0.6863194306717695,1.1093340861507894,0.7197660052866485,1.3368895108834546,0.7306028785480052,1.3806782332716316
1430,0.9449530487118486,2.842948761499892,0.9366719321781195,3.136623543304326,0.7250155546750248,1.592363159798119,0.6540187151858492,0.9989685038602264,0.6880504128070615,1.133365558258597,0.721596224189412,1.3600514760889393,0.7351743336832622,1.4190056709956296
1431,0.1254930299593051,-1.9414100458854844,0.7670671348943947,2.027458953132137,0.6932646539955596,1.421120876769317,0.6295937928792978,0.8786919218872917,0.6699382393988323,1.0452177053126697,0.7007876439027408,1.2334383305693557,0.7317238375622601,1.3973125632616672
