flight,MA05,MA10,MA20,MA30,MA40,MA50
1244,0.9763640786650638,0.9763640786650638,0.9763640786650638,0.9763640786650638,0.9763640786650638,0.9763640786650638
1245,0.9818294610312369,0.9818294610312369,0.9818294610312369,0.9818294610312369,0.9818294610312369,0.9818294610312369
1246,0.9785590990647534,0.9785590990647534,0.9785590990647534,0.9785590990647534,0.9785590990647534,0.9785590990647534
1248,0.9829568177098482,0.9829568177098482,0.9829568177098482,0.9829568177098482,0.9829568177098482,0.9829568177098482
1249,0.9807916665375945,0.9807916665375945,0.9807916665375945,0.9807916665375945,0.9807916665375945,0.9807916665375945
1250,0.9810855982035299,0.9802986782804523,0.9802986782804523,0.9802986782804523,0.9802986782804523,0.9802986782804523
1251,0.977309838032833,0.9786011588895198,0.9786011588895198,0.9786011588895198,0.9786011588895198,0.9786011588895198
1252,0.9765957885082542,0.9773320299669414,0.9773320299669414,0.9773320299669414,0.9773320299669414,0.9773320299669414
1253,0.973032797752883,0.9774434732893121,0.9774434732893121,0.9774434732893121,0.9774434732893121,0.9774434732893121
1254,0.9780181449100185,0.9794049057238065,0.9794049057238065,0.9794049057238065,0.9794049057238065,0.9794049057238065
1255,0.9749642677272558,0.9780249329653928,0.9778739462108175,0.9778739462108175,0.9778739462108175,0.9778739462108175
1283,0.9392193165869733,0.9582645773099031,0.9621920579301254,0.9621920579301254,0.9621920579301254,0.9621920579301254
1284,0.8888057494749952,0.9327007689916247,0.9432834605469621,0.9432834605469621,0.9432834605469621,0.9432834605469621
1285,0.7527423127032206,0.8628875552280517,0.8971930587942794,0.8971930587942794,0.8971930587942794,0.8971930587942794
1286,0.726906608527542,0.8524623767187801,0.895238806658385,0.895238806658385,0.895238806658385,0.895238806658385
1287,0.6669330814742213,0.8209486746007386,0.8807049259806312,0.8807049259806312,0.8807049259806312,0.8807049259806312
1288,0.6942701876187416,0.8167447521028575,0.8833915078385419,0.8833915078385419,0.8833915078385419,0.8833915078385419
1289,0.6943047847972111,0.7915552671361031,0.8741227172831424,0.8741227172831424,0.8741227172831424,0.8741227172831424
1290,0.829161690782108,0.7909520017426643,0.879290067212129,0.879290067212129,0.879290067212129,0.879290067212129
1291,0.8312550122230679,0.7790808103753049,0.8792428580495557,0.8792428580495557,0.8792428580495557,0.8792428580495557
1292,0.8504839967583072,0.7587085391162642,0.8683667360408286,0.8735094666419827,0.8735094666419827,0.8735094666419827
1293,0.8536305555681233,0.7739503715934324,0.8661074744516677,0.8766276550498104,0.8766276550498104,0.8766276550498104
1294,0.8846687585201136,0.7894867716586623,0.8610937703251436,0.8764153349433536,0.8764153349433536,0.8764153349433536
1295,0.8817755336185673,0.8554686122003377,0.8591780837141947,0.8798078727134703,0.8798078727134703,0.8798078727134703
1296,0.8788177029381524,0.85503635758061,0.8537493671496952,0.879157827027275,0.879157827027275,0.879157827027275
1297,0.9210790662863545,0.8857815315223307,0.8533651030615348,0.8826574665735927,0.8826574665735927,0.8826574665735927
1298,0.9294171743731798,0.8915238649706515,0.8541343085367545,0.8864034919615456,0.8864034919615456,0.8864034919615456
1299,0.9406431107217343,0.912655934620924,0.8521056008785136,0.8878845806180644,0.8878845806180644,0.8878845806180644
1328,0.8702087699888879,0.8759921518037276,0.8334720767731959,0.8781528550023353,0.8781528550023353,0.8781528550023353
1329,0.7991987928375005,0.8390082478878265,0.8090445291315657,0.8658313213289793,0.8658313213289793,0.8658313213289793
1330,0.786620508859422,0.8538497875728883,0.8062791633445763,0.8635277532181819,0.8671676346842103,0.8671676346842103
1331,0.710794283889391,0.8201057291312853,0.797028050362359,0.8507735593448735,0.8589645532002713,0.8589645532002713
