flight,raw,raw_AR,raw_GPR,raw_ARIMA
1244,0.9763640786650638,,,
1245,0.98729484339741,,,
1246,0.9720183751317862,,,
1248,0.996149973645133,,,
1249,0.9721310618485792,,,
1250,0.9778337369947412,,,
1251,0.9684160425439255,,,
1252,0.968448127508892,,,
1253,0.9783350198682772,,,
1254,0.9970577976342566,,,
1255,0.9625643510809276,,,
1283,0.7896912868425128,,,
1284,0.7163802919490017,,,
1285,0.2980178360094038,,,
1286,0.8678792767558638,,,
1287,0.6626967158143245,,,
1288,0.926376817565114,,,
1289,0.7165532778413491,,,
1290,0.9723023659338884,,,
1291,0.8783458839606637,,,
1292,0.7588416384905207,,,
1293,0.9421096116141948,,,
1294,0.8717442926013008,,,
1295,0.957836241426157,,,
1296,0.8635567305585886,,,
1297,0.9701484552315316,,,
1298,0.9838001520483208,,,
1299,0.927873974344074,,,
1328,0.605664537761924,,,
1329,0.5085068448016522,,,
1330,0.9072570353411396,,,
1331,0.604669027198165,,,
1332,,0.7585911017233629,0.7143610774557871,0.8877716235918834
1333,,0.7130822800856602,0.729196495674616,0.7873305405500112
1334,,0.7541793223432612,0.7404537620349204,0.8598095313001498
1335,,0.6988274756504245,0.7560704436680976,0.8598095313001498
1336,,0.6881010448446769,0.7737742618335082,0.8598095313001498
1337,,0.7107826262664116,0.7915530842049214,0.8598095313001498
1338,,0.861320863698489,0.8078954691531465,0.8598095313001498
1339,,0.903799873186447,0.8218767155925811,0.8598095313001498
